id,descripcion,tipo,precioUnitario,cantidad,totalBulto
50,Pelota,1,250.000000,200,50000.000000
56,Bicicleta MountanBike,1,86580.000000,50,4329000.000000
60,Pileta Lona 2x2,1,60000.000000,10,600000.000000
65,Roller unisex,1,25645.000000,30,769350.000000
73,Monopatin,1,12500.000000,25,312500.000000